Logistic_FPR,Logistic_TPR,Tree_FPR,Tree_TPR
0.0,0.0,0.0,0.0
0.0,0.000427715996578272,0.12097967972009151,0.6253207869974337
0.0,0.003849443969204448,1.0,1.0
0.0,0.00641573994867408,,
0.0,0.1086398631308811,,
0.00026914278024491994,0.1086398631308811,,
0.00026914278024491994,0.10949529512403763,,
0.0004037141703673799,0.10949529512403763,,
0.0004037141703673799,0.10992301112061591,,
0.0005382855604898399,0.10992301112061591,,
0.0005382855604898399,0.11804961505560307,,
0.0006728569506122998,0.11804961505560307,,
0.0006728569506122998,0.13045337895637296,,
0.0008074283407347598,0.13045337895637296,,
0.0008074283407347598,0.13216424294268606,,
0.0009419997308572198,0.13216424294268606,,
0.0009419997308572198,0.1330196749358426,,
0.0012111425111021397,0.1330196749358426,,
0.0012111425111021397,0.1347305389221557,,
0.0013457139012245996,0.1347305389221557,,
0.0013457139012245996,0.1364414029084688,,
0.0014802852913470596,0.1364414029084688,,
0.0014802852913470596,0.14029084687767324,,
0.0016148566814695195,0.14029084687767324,,
0.0016148566814695195,0.1467065868263473,,
0.0017494280715919794,0.1467065868263473,,
0.0017494280715919794,0.14884516680923868,,
0.0018839994617144396,0.14884516680923868,,
0.0018839994617144396,0.15055603079555174,,
0.0020185708518368995,0.15055603079555174,,
0.0020185708518368995,0.15269461077844312,,
0.0021531422419593595,0.15269461077844312,,
0.0021531422419593595,0.15312232677502138,,
0.0022877136320818194,0.15312232677502138,,
0.0022877136320818194,0.15355004277159967,,
0.0024222850222042794,0.15355004277159967,,
0.0024222850222042794,0.15739948674080412,,
0.0025568564123267393,0.15739948674080412,,
0.0025568564123267393,0.15911035072711718,,
0.002960570582694119,0.15911035072711718,,
0.002960570582694119,0.16295979469632163,,
0.003095141972816579,0.16295979469632163,,
0.003095141972816579,0.16723695466210436,,
0.003229713362939039,0.16723695466210436,,
0.003229713362939039,0.16937553464499572,,
0.003364284753061499,0.16937553464499572,,
0.003364284753061499,0.174508126603935,,
0.003498856143183959,0.174508126603935,,
0.003498856143183959,0.17493584260051326,,
0.0036334275333064193,0.17493584260051326,,
0.0036334275333064193,0.17536355859709152,,
0.003767998923428879,0.17536355859709152,,
0.003767998923428879,0.1787852865697177,,
0.004037141703673799,0.1787852865697177,,
0.004037141703673799,0.18306244653550044,,
0.004171713093796259,0.18306244653550044,,
0.004171713093796259,0.1881950384944397,,
0.004306284483918719,0.1881950384944397,,
0.004306284483918719,0.18905047048759624,,
0.0044408558740411785,0.18905047048759624,,
0.0044408558740411785,0.19033361847733105,,
0.004575427264163639,0.19033361847733105,,
0.004575427264163639,0.1911890504704876,,
0.004844570044408559,0.1911890504704876,,
0.004844570044408559,0.19503849443969204,,
0.004979141434531019,0.19503849443969204,,
0.004979141434531019,0.1958939264328486,,
0.005113712824653479,0.1958939264328486,,
0.005113712824653479,0.20402053036783577,,
0.005248284214775939,0.20402053036783577,,
0.005248284214775939,0.20530367835757057,,
0.0053828556048983985,0.20530367835757057,,
0.0053828556048983985,0.20701454234388367,,
0.005517426995020859,0.20701454234388367,,
0.005517426995020859,0.20786997433704021,,
0.005651998385143318,0.20786997433704021,,
0.005651998385143318,0.21000855431993157,,
0.005786569775265779,0.21000855431993157,,
0.005786569775265779,0.21086398631308811,,
0.005921141165388238,0.21086398631308811,,
0.005921141165388238,0.2125748502994012,,
0.006055712555510699,0.2125748502994012,,
0.006055712555510699,0.21300256629597947,,
0.006190283945633158,0.21300256629597947,,
0.006190283945633158,0.21428571428571427,,
0.0063248553357556185,0.21428571428571427,,
0.0063248553357556185,0.21685201026518391,,
0.006593998116000538,0.21685201026518391,,
0.006593998116000538,0.2245508982035928,,
0.006728569506122998,0.2245508982035928,,
0.006728569506122998,0.22668947818648416,,
0.006863140896245458,0.22668947818648416,,
0.006863140896245458,0.22711719418306245,,
0.006997712286367918,0.22711719418306245,,
0.006997712286367918,0.23139435414884515,,
0.007132283676490378,0.23139435414884515,,
0.007132283676490378,0.2322497861420017,,
0.007401426456735298,0.2322497861420017,,
0.007401426456735298,0.2399486740804106,,
0.007535997846857758,0.2399486740804106,,
0.007535997846857758,0.24123182207014543,,
0.007670569236980218,0.24123182207014543,,
0.007670569236980218,0.24294268605645852,,
0.007939712017225138,0.24294268605645852,,
0.007939712017225138,0.24422583404619333,,
0.008208854797470059,0.24422583404619333,,
0.008208854797470059,0.2446535500427716,,
0.008477997577714978,0.2446535500427716,,
0.008477997577714978,0.24636441402908468,,
0.008612568967837438,0.24636441402908468,,
0.008612568967837438,0.24978614200171087,,
0.008747140357959898,0.24978614200171087,,
0.008747140357959898,0.25449101796407186,,
0.008881711748082357,0.25449101796407186,,
0.008881711748082357,0.25791274593669805,,
0.009016283138204817,0.25791274593669805,,
0.009016283138204817,0.25919589392643283,,
0.009285425918449738,0.25919589392643283,,
0.009285425918449738,0.2600513259195894,,
0.009554568698694657,0.2600513259195894,,
0.009554568698694657,0.2643284858853721,,
0.009689140088817117,0.2643284858853721,,
0.009689140088817117,0.2668947818648417,,
0.009823711478939578,0.2668947818648417,,
0.009823711478939578,0.27159965782720275,,
0.010092854259184497,0.27159965782720275,,
0.010092854259184497,0.272027373823781,,
0.010227425649306957,0.272027373823781,,
0.010227425649306957,0.27245508982035926,,
0.010361997039429418,0.27245508982035926,,
0.010361997039429418,0.2831479897348161,,
0.010496568429551878,0.2831479897348161,,
0.010496568429551878,0.2840034217279726,,
0.010631139819674337,0.2840034217279726,,
0.010631139819674337,0.2844311377245509,,
0.010765711209796797,0.2844311377245509,,
0.010765711209796797,0.2848588537211292,,
0.010900282599919257,0.2848588537211292,,
0.010900282599919257,0.2874251497005988,,
0.011034853990041718,0.2874251497005988,,
0.011034853990041718,0.28785286569717705,,
0.011438568160409097,0.28785286569717705,,
0.011438568160409097,0.2887082976903336,,
0.011573139550531557,0.2887082976903336,,
0.011573139550531557,0.2921300256629598,,
0.011842282330776477,0.2921300256629598,,
0.011842282330776477,0.2925577416595381,,
0.011976853720898937,0.2925577416595381,,
0.011976853720898937,0.2968349016253208,,
0.012111425111021397,0.2968349016253208,,
0.012111425111021397,0.29897348160821213,,
0.012245996501143858,0.29897348160821213,,
0.012245996501143858,0.30196749358426006,,
0.012515139281388777,0.30196749358426006,,
0.012515139281388777,0.3041060735671514,,
0.012784282061633697,0.3041060735671514,,
0.012784282061633697,0.3045337895637297,,
0.012918853451756156,0.3045337895637297,,
0.012918853451756156,0.30624465355004277,,
0.013053424841878616,0.30624465355004277,,
0.013053424841878616,0.306672369546621,,
0.013187996232001077,0.306672369546621,,
0.013187996232001077,0.3075278015397776,,
0.013322567622123537,0.3075278015397776,,
0.013322567622123537,0.30966638152266895,,
0.013457139012245996,0.30966638152266895,,
0.013457139012245996,0.3100940975192472,,
0.013591710402368456,0.3100940975192472,,
0.013591710402368456,0.3105218135158255,,
0.013726281792490917,0.3105218135158255,,
0.013726281792490917,0.3118049615055603,,
0.014129995962858296,0.3118049615055603,,
0.014129995962858296,0.31223267750213857,,
0.014264567352980756,0.31223267750213857,,
0.014264567352980756,0.31479897348160824,,
0.014533710133225677,0.31479897348160824,,
0.014533710133225677,0.3165098374679213,,
0.014668281523348136,0.3165098374679213,,
0.014668281523348136,0.31736526946107785,,
0.014802852913470596,0.31736526946107785,,
0.014802852913470596,0.31822070145423437,,
0.015071995693715517,0.31822070145423437,,
0.015071995693715517,0.3220701454234388,,
0.015341138473960436,0.3220701454234388,,
0.015341138473960436,0.3229255774165954,,
0.015475709864082896,0.3229255774165954,,
0.015475709864082896,0.3246364414029085,,
0.015610281254205357,0.3246364414029085,,
0.015610281254205357,0.32506415739948674,,
0.015879424034450276,0.32506415739948674,,
0.015879424034450276,0.325491873396065,,
0.016148566814695196,0.325491873396065,,
0.016148566814695196,0.32763045337895635,,
0.016283138204817655,0.32763045337895635,,
0.016283138204817655,0.3297690333618477,,
0.016417709594940117,0.3297690333618477,,
0.016417709594940117,0.330196749358426,,
0.016552280985062576,0.330196749358426,,
0.016552280985062576,0.33875106928999144,,
0.016686852375185034,0.33875106928999144,,
0.016686852375185034,0.339606501283148,,
0.016821423765307496,0.339606501283148,,
0.016821423765307496,0.3421727972626176,,
0.016955995155429955,0.3421727972626176,,
0.016955995155429955,0.34345594525235246,,
0.017225137935674876,0.34345594525235246,,
0.017225137935674876,0.34473909324208724,,
0.017359709325797335,0.34473909324208724,,
0.017359709325797335,0.34516680923866555,,
0.017628852106042255,0.34516680923866555,,
0.017628852106042255,0.3468776732249786,,
0.017763423496164714,0.3468776732249786,,
0.017763423496164714,0.3498716852010265,,
0.017897994886287176,0.3498716852010265,,
0.017897994886287176,0.35115483319076135,,
0.018032566276409635,0.35115483319076135,,
0.018032566276409635,0.3550042771599658,,
0.018301709056654555,0.3550042771599658,,
0.018301709056654555,0.3567151411462789,,
0.018570851836899476,0.3567151411462789,,
0.018570851836899476,0.35714285714285715,,
0.018705423227021935,0.35714285714285715,,
0.018705423227021935,0.36227544910179643,,
0.018839994617144393,0.36227544910179643,,
0.018839994617144393,0.3644140290846878,,
0.018974566007266856,0.3644140290846878,,
0.018974566007266856,0.36484174508126604,,
0.019109137397389314,0.36484174508126604,,
0.019109137397389314,0.36569717707442256,,
0.019243708787511776,0.36569717707442256,,
0.019243708787511776,0.36740804106073566,,
0.019378280177634235,0.36740804106073566,,
0.019378280177634235,0.3699743370402053,,
0.019647422957879156,0.3699743370402053,,
0.019647422957879156,0.37082976903336184,,
0.019781994348001614,0.37082976903336184,,
0.019781994348001614,0.3716852010265184,,
0.019916565738124076,0.3716852010265184,,
0.019916565738124076,0.37254063301967494,,
0.020051137128246535,0.37254063301967494,,
0.020051137128246535,0.37339606501283146,,
0.020185708518368994,0.37339606501283146,,
0.020185708518368994,0.38109495295124035,,
0.020589422688736373,0.38109495295124035,,
0.020589422688736373,0.38280581693755344,,
0.020993136859103756,0.38280581693755344,,
0.020993136859103756,0.3840889649272883,,
0.021262279639348673,0.3840889649272883,,
0.021262279639348673,0.3857998289136014,,
0.021396851029471135,0.3857998289136014,,
0.021396851029471135,0.38622754491017963,,
0.021665993809716056,0.38622754491017963,,
0.021665993809716056,0.388366124893071,,
0.021800565199838515,0.388366124893071,,
0.021800565199838515,0.3887938408896493,,
0.022473422150450815,0.3887938408896493,,
0.022473422150450815,0.3896492728828058,,
0.022607993540573273,0.3896492728828058,,
0.022607993540573273,0.39264328485885375,,
0.022877136320818194,0.39264328485885375,,
0.022877136320818194,0.393071000855432,,
0.023146279101063115,0.393071000855432,,
0.023146279101063115,0.39520958083832336,,
0.023415421881308032,0.39520958083832336,,
0.023415421881308032,0.3956372968349016,,
0.023549993271430494,0.3956372968349016,,
0.023549993271430494,0.3960650128314799,,
0.023953707441797874,0.3960650128314799,,
0.023953707441797874,0.39692044482463645,,
0.024222850222042795,0.39692044482463645,,
0.024222850222042795,0.397775876817793,,
0.024895707172655095,0.397775876817793,,
0.024895707172655095,0.39863130881094955,,
0.025030278562777553,0.39863130881094955,,
0.025030278562777553,0.40034217279726264,,
0.025299421343022474,0.40034217279726264,,
0.025299421343022474,0.40119760479041916,,
0.025433992733144933,0.40119760479041916,,
0.025433992733144933,0.4016253207869974,,
0.025703135513389853,0.4016253207869974,,
0.025703135513389853,0.4037639007698888,,
0.025837706903512312,0.4037639007698888,,
0.025837706903512312,0.4041916167664671,,
0.026106849683757233,0.4041916167664671,,
0.026106849683757233,0.40461933276304535,,
0.02624142107387969,0.40461933276304535,,
0.02624142107387969,0.4050470487596236,,
0.026510563854124612,0.4050470487596236,,
0.026510563854124612,0.4067579127459367,,
0.026645135244247074,0.4067579127459367,,
0.026645135244247074,0.4076133447390932,,
0.026779706634369533,0.4076133447390932,,
0.026779706634369533,0.4084687767322498,,
0.027183420804736912,0.4084687767322498,,
0.027183420804736912,0.4110350727117194,,
0.027317992194859374,0.4110350727117194,,
0.027317992194859374,0.41146278870829767,,
0.02758713497510429,0.41146278870829767,,
0.02758713497510429,0.41231822070145424,,
0.027721706365226754,0.41231822070145424,,
0.027721706365226754,0.4127459366980325,,
0.027856277755349212,0.4127459366980325,,
0.027856277755349212,0.4144568006843456,,
0.02799084914547167,0.4144568006843456,,
0.02799084914547167,0.4161676646706587,,
0.028125420535594133,0.4161676646706587,,
0.028125420535594133,0.41659538066723695,,
0.028394563315839054,0.41659538066723695,,
0.028394563315839054,0.4178785286569718,,
0.028529134705961513,0.4178785286569718,,
0.028529134705961513,0.4187339606501283,,
0.02866370609608397,0.4187339606501283,,
0.02866370609608397,0.4195893926432849,,
0.028798277486206433,0.4195893926432849,,
0.028798277486206433,0.42172797262617623,,
0.028932848876328892,0.42172797262617623,,
0.028932848876328892,0.4234388366124893,,
0.029067420266451354,0.4234388366124893,,
0.029067420266451354,0.42429426860564584,,
0.029471134436818733,0.42429426860564584,,
0.029471134436818733,0.4247219846022241,,
0.029605705826941192,0.4247219846022241,,
0.029605705826941192,0.42600513259195893,,
0.029874848607186113,0.42600513259195893,,
0.029874848607186113,0.42771599657827203,,
0.030278562777553492,0.42771599657827203,,
0.030278562777553492,0.4298545765611634,,
0.030547705557798413,0.4298545765611634,,
0.030547705557798413,0.43028229255774164,,
0.03068227694792087,0.43028229255774164,,
0.03068227694792087,0.43327630453378957,,
0.03081684833804333,0.43327630453378957,,
0.03081684833804333,0.4341317365269461,,
0.030951419728165792,0.4341317365269461,,
0.030951419728165792,0.4358426005132592,,
0.03108599111828825,0.4358426005132592,,
0.03108599111828825,0.43627031650983744,,
0.03135513389853317,0.43627031650983744,,
0.03135513389853317,0.43669803250641576,,
0.03175884806890055,0.43669803250641576,,
0.03175884806890055,0.43840889649272885,,
0.03189341945902301,0.43840889649272885,,
0.03189341945902301,0.44011976047904194,,
0.03229713362939039,0.44011976047904194,,
0.03229713362939039,0.4414029084687767,,
0.03270084779975777,0.4414029084687767,,
0.03270084779975777,0.441830624465355,,
0.03296999058000269,0.441830624465355,,
0.03296999058000269,0.4431137724550898,,
0.033239133360247614,0.4431137724550898,,
0.033239133360247614,0.4435414884516681,,
0.03337370475037007,0.4435414884516681,,
0.03337370475037007,0.4439692044482464,,
0.03364284753061499,0.4439692044482464,,
0.03364284753061499,0.4448246364414029,,
0.03391199031085991,0.4448246364414029,,
0.03391199031085991,0.44525235243798117,,
0.034181133091104834,0.44525235243798117,,
0.034181133091104834,0.446535500427716,,
0.03445027587134975,0.446535500427716,,
0.03445027587134975,0.4482463644140291,,
0.034584847261472214,0.4482463644140291,,
0.034584847261472214,0.44867408041060736,,
0.03471941865159467,0.44867408041060736,,
0.03471941865159467,0.4491017964071856,,
0.03485399004171713,0.4491017964071856,,
0.03485399004171713,0.4499572284003422,,
0.03512313282196205,0.4499572284003422,,
0.03512313282196205,0.4508126603934987,,
0.03606513255281927,0.4508126603934987,,
0.03606513255281927,0.45295124037639006,,
0.03619970394294173,0.45295124037639006,,
0.03619970394294173,0.4533789563729683,,
0.03646884672318665,0.4533789563729683,,
0.03646884672318665,0.4550898203592814,,
0.03660341811330911,0.4550898203592814,,
0.03660341811330911,0.45551753635585973,,
0.03673798950343157,0.45551753635585973,,
0.03673798950343157,0.4593669803250642,,
0.03687256089355403,0.4593669803250642,,
0.03687256089355403,0.46065012831479896,,
0.03700713228367649,0.46065012831479896,,
0.03700713228367649,0.4619332763045338,,
0.03727627506392141,0.4619332763045338,,
0.03727627506392141,0.46236099230111205,,
0.03741084645404387,0.46236099230111205,,
0.03741084645404387,0.4627887082976903,,
0.03754541784416633,0.4627887082976903,,
0.03754541784416633,0.4662104362703165,,
0.03767998923428879,0.4662104362703165,,
0.03767998923428879,0.46663815226689476,,
0.03794913201453371,0.46663815226689476,,
0.03794913201453371,0.4692044482463644,,
0.03808370340465617,0.4692044482463644,,
0.03808370340465617,0.4696321642429427,,
0.03835284618490109,0.4696321642429427,,
0.03835284618490109,0.47005988023952094,,
0.03848741757502355,0.47005988023952094,,
0.03848741757502355,0.4704875962360992,,
0.03889113174539093,0.4704875962360992,,
0.03889113174539093,0.4709153122326775,,
0.03902570313551339,0.4709153122326775,,
0.03902570313551339,0.4726261762189906,,
0.03916027452563585,0.4726261762189906,,
0.03916027452563585,0.47604790419161674,,
0.03929484591575831,0.47604790419161674,,
0.03929484591575831,0.47647562018819506,,
0.039429417305880766,0.47647562018819506,,
0.039429417305880766,0.4769033361847733,,
0.03956398869600323,0.4769033361847733,,
0.03956398869600323,0.4828913601368691,,
0.03969856008612569,0.4828913601368691,,
0.03969856008612569,0.4833190761334474,,
0.03983313147624815,0.4833190761334474,,
0.03983313147624815,0.48374679213002564,,
0.03996770286637061,0.48374679213002564,,
0.03996770286637061,0.48417450812660395,,
0.04023684564661553,0.48417450812660395,,
0.04023684564661553,0.4846022241231822,,
0.04037141703673799,0.4846022241231822,,
0.04037141703673799,0.48502994011976047,,
0.04050598842686045,0.48502994011976047,,
0.04050598842686045,0.48588537211291705,,
0.04144798815771767,0.48588537211291705,,
0.04144798815771767,0.4863130881094953,,
0.04212084510832997,0.4863130881094953,,
0.04212084510832997,0.48674080410607357,,
0.04225541649845243,0.48674080410607357,,
0.04225541649845243,0.4880239520958084,,
0.04238998788857489,0.4880239520958084,,
0.04238998788857489,0.48845166809238666,,
0.04279370205894227,0.48845166809238666,,
0.04279370205894227,0.4888793840889649,,
0.042928273449064726,0.4888793840889649,,
0.042928273449064726,0.49016253207869975,,
0.04306284483918719,0.49016253207869975,,
0.04306284483918719,0.49358426005132594,,
0.04333198761943211,0.49358426005132594,,
0.04333198761943211,0.4940119760479042,,
0.04360113039967703,0.4940119760479042,,
0.04360113039967703,0.49529512403763903,,
0.04373570178979949,0.49529512403763903,,
0.04373570178979949,0.4957228400342173,,
0.04387027317992195,0.4957228400342173,,
0.04387027317992195,0.49615055603079555,,
0.04400484457004441,0.49615055603079555,,
0.04400484457004441,0.4965782720273738,,
0.04413941596016687,0.4965782720273738,,
0.04413941596016687,0.4974337040205304,,
0.044273987350289326,0.4974337040205304,,
0.044273987350289326,0.5012831479897348,,
0.04440855874041179,0.5012831479897348,,
0.04440855874041179,0.5021385799828914,,
0.04454313013053425,0.5021385799828914,,
0.04454313013053425,0.5025662959794697,,
0.044677701520656705,0.5025662959794697,,
0.044677701520656705,0.5034217279726262,,
0.04535055847126901,0.5034217279726262,,
0.04535055847126901,0.5038494439692045,,
0.045619701251513926,0.5038494439692045,,
0.045619701251513926,0.5042771599657827,,
0.04629255820212623,0.5042771599657827,,
0.04629255820212623,0.5055603079555175,,
0.046427129592248685,0.5055603079555175,,
0.046427129592248685,0.5064157399486741,,
0.04709998654286099,0.5064157399486741,,
0.04709998654286099,0.5068434559452524,,
0.04723455793298345,0.5068434559452524,,
0.04723455793298345,0.5076988879384089,,
0.047369129323105906,0.5076988879384089,,
0.047369129323105906,0.5081266039349872,,
0.04750370071322837,0.5081266039349872,,
0.04750370071322837,0.5119760479041916,,
0.04763827210335083,0.5119760479041916,,
0.04763827210335083,0.5124037639007699,,
0.04790741488359575,0.5124037639007699,,
0.04790741488359575,0.5128314798973481,,
0.04804198627371821,0.5128314798973481,,
0.04804198627371821,0.5132591958939264,,
0.04831112905396313,0.5132591958939264,,
0.04831112905396313,0.5145423438836613,,
0.04844570044408559,0.5145423438836613,,
0.04844570044408559,0.5179640718562875,,
0.048580271834208044,0.5179640718562875,,
0.048580271834208044,0.5183917878528657,,
0.048714843224330506,0.5183917878528657,,
0.048714843224330506,0.520530367835757,,
0.04884941461445297,0.520530367835757,,
0.04884941461445297,0.5213857998289136,,
0.04898398600457543,0.5213857998289136,,
0.04898398600457543,0.5239520958083832,,
0.049118557394697886,0.5239520958083832,,
0.049118557394697886,0.5248075278015398,,
0.04925312878482035,0.5248075278015398,,
0.04925312878482035,0.525235243798118,,
0.049522271565065265,0.525235243798118,,
0.049522271565065265,0.5260906757912746,,
0.04965684295518773,0.5260906757912746,,
0.04965684295518773,0.5265183917878529,,
0.04979141434531019,0.5265183917878529,,
0.04979141434531019,0.5269461077844312,,
0.049925985735432644,0.5269461077844312,,
0.049925985735432644,0.5273738237810094,,
0.05006055712555511,0.5273738237810094,,
0.05006055712555511,0.5278015397775877,,
0.05019512851567757,0.5278015397775877,,
0.05019512851567757,0.5282292557741659,,
0.050464271295922486,0.5282292557741659,,
0.050464271295922486,0.5303678357570573,,
0.050867985466289865,0.5303678357570573,,
0.050867985466289865,0.5316509837467921,,
0.05100255685641233,0.5316509837467921,,
0.05100255685641233,0.5325064157399487,,
0.05113712824653479,0.5325064157399487,,
0.05113712824653479,0.5329341317365269,,
0.051271699636657245,0.5329341317365269,,
0.051271699636657245,0.5342172797262618,,
0.05140627102677971,0.5342172797262618,,
0.05140627102677971,0.5350727117194183,,
0.05154084241690217,0.5350727117194183,,
0.05154084241690217,0.5355004277159966,,
0.051809985197147086,0.5355004277159966,,
0.051809985197147086,0.5363558597091531,,
0.05194455658726955,0.5363558597091531,,
0.05194455658726955,0.5367835757057314,,
0.052079127977392004,0.5367835757057314,,
0.052079127977392004,0.5384944396920445,,
0.052213699367514466,0.5384944396920445,,
0.052213699367514466,0.5389221556886228,,
0.05248284214775938,0.5389221556886228,,
0.05248284214775938,0.5406330196749358,,
0.05275198492800431,0.5406330196749358,,
0.05275198492800431,0.5414884516680923,,
0.053155699098371686,0.5414884516680923,,
0.053155699098371686,0.5419161676646707,,
0.05369398465886153,0.5419161676646707,,
0.05369398465886153,0.5436270316509837,,
0.05423227021935136,0.5436270316509837,,
0.05423227021935136,0.5474764756201882,,
0.05450141299959629,0.5474764756201882,,
0.05450141299959629,0.5479041916167665,,
0.05463598438971875,0.5479041916167665,,
0.05463598438971875,0.5491873396065012,,
0.05517426995020858,0.5491873396065012,,
0.05517426995020858,0.5500427715996579,,
0.05557798412057596,0.5500427715996579,,
0.05557798412057596,0.553464499572284,,
0.05584712690082089,0.553464499572284,,
0.05584712690082089,0.5543199315654406,,
0.05598169829094334,0.5543199315654406,,
0.05598169829094334,0.5547476475620188,,
0.056116269681065804,0.5547476475620188,,
0.056116269681065804,0.5551753635585971,,
0.056250841071188266,0.5551753635585971,,
0.056250841071188266,0.5556030795551754,,
0.05638541246131073,0.5556030795551754,,
0.05638541246131073,0.5577416595380668,,
0.056519983851433184,0.5577416595380668,,
0.056519983851433184,0.5598802395209581,,
0.056654555241555646,0.5598802395209581,,
0.056654555241555646,0.5603079555175363,,
0.05678912663167811,0.5603079555175363,,
0.05678912663167811,0.5624465355004277,,
0.05692369802180056,0.5624465355004277,,
0.05692369802180056,0.562874251497006,,
0.057461983582290405,0.562874251497006,,
0.057461983582290405,0.5633019674935843,,
0.058000269142780246,0.5633019674935843,,
0.058000269142780246,0.5641573994867408,,
0.05826941192302516,0.5641573994867408,,
0.05826941192302516,0.564585115483319,,
0.05867312609339254,0.564585115483319,,
0.05867312609339254,0.5658682634730539,,
0.058807697483515005,0.5658682634730539,,
0.058807697483515005,0.5662959794696322,,
0.059211411653882384,0.5662959794696322,,
0.059211411653882384,0.5667236954662105,,
0.059345983044004846,0.5667236954662105,,
0.059345983044004846,0.5680068434559452,,
0.059615125824249764,0.5680068434559452,,
0.059615125824249764,0.5684345594525235,,
0.059749697214372226,0.5684345594525235,,
0.059749697214372226,0.56928999144568,,
0.06001883999461714,0.56928999144568,,
0.06001883999461714,0.5710008554319932,,
0.06028798277486207,0.5710008554319932,,
0.06028798277486207,0.5718562874251497,,
0.06042255416498452,0.5718562874251497,,
0.06042255416498452,0.5727117194183062,,
0.0608262683353519,0.5727117194183062,,
0.0608262683353519,0.5731394354148845,,
0.06122998250571928,0.5731394354148845,,
0.06122998250571928,0.5739948674080411,,
0.06136455389584174,0.5739948674080411,,
0.06136455389584174,0.5757057313943541,,
0.061499125285964205,0.5757057313943541,,
0.061499125285964205,0.5765611633875107,,
0.06163369667608666,0.5765611633875107,,
0.06163369667608666,0.5778443113772455,,
0.0621719822365765,0.5778443113772455,,
0.0621719822365765,0.5782720273738238,,
0.062306553626698964,0.5782720273738238,,
0.062306553626698964,0.5804106073567151,,
0.06257569640694388,0.5804106073567151,,
0.06257569640694388,0.5808383233532934,,
0.06271026779706634,0.5808383233532934,,
0.06271026779706634,0.58169375534645,,
0.06297941057731127,0.58169375534645,,
0.06297941057731127,0.5821214713430283,,
0.06324855335755618,0.5821214713430283,,
0.06324855335755618,0.5859709153122327,,
0.06378683891804603,0.5859709153122327,,
0.06378683891804603,0.586398631308811,,
0.06392141030816849,0.586398631308811,,
0.06392141030816849,0.5876817792985458,,
0.0641905530884134,0.5876817792985458,,
0.0641905530884134,0.5898203592814372,,
0.06432512447853586,0.5898203592814372,,
0.06432512447853586,0.5902480752780154,,
0.06459426725878079,0.5902480752780154,,
0.06459426725878079,0.5906757912745937,,
0.06513255281927062,0.5906757912745937,,
0.06513255281927062,0.5915312232677502,,
0.065536266989638,0.5915312232677502,,
0.065536266989638,0.5923866552609067,,
0.06567083837976047,0.5923866552609067,,
0.06567083837976047,0.5932420872540634,,
0.06580540976988292,0.5932420872540634,,
0.06580540976988292,0.5936698032506416,,
0.06607455255012784,0.5936698032506416,,
0.06607455255012784,0.5940975192472199,,
0.06661283811061769,0.5940975192472199,,
0.06661283811061769,0.5949529512403764,,
0.0668819808908626,0.5949529512403764,,
0.0668819808908626,0.5953806672369547,,
0.06701655228098506,0.5953806672369547,,
0.06701655228098506,0.5966638152266894,,
0.06715112367110752,0.5966638152266894,,
0.06715112367110752,0.5970915312232677,,
0.06742026645135245,0.5970915312232677,,
0.06742026645135245,0.5975192472198461,,
0.06795855201184228,0.5975192472198461,,
0.06795855201184228,0.5988023952095808,,
0.06849683757233212,0.5988023952095808,,
0.06849683757233212,0.6000855431993156,,
0.06863140896245458,0.6000855431993156,,
0.06863140896245458,0.6009409751924722,,
0.06903512313282197,0.6009409751924722,,
0.06903512313282197,0.6013686911890505,,
0.06916969452294443,0.6013686911890505,,
0.06916969452294443,0.602224123182207,,
0.06997712286367919,0.602224123182207,,
0.06997712286367919,0.6043627031650983,,
0.07011169425380165,0.6043627031650983,,
0.07011169425380165,0.605218135158255,,
0.0702462656439241,0.605218135158255,,
0.0702462656439241,0.6056458511548332,,
0.0715919795451487,0.6056458511548332,,
0.0715919795451487,0.6060735671514115,,
0.07172655093527117,0.6060735671514115,,
0.07172655093527117,0.6065012831479898,,
0.07199569371551608,0.6065012831479898,,
0.07199569371551608,0.606928999144568,,
0.07213026510563854,0.606928999144568,,
0.07213026510563854,0.6073567151411463,,
0.07239940788588346,0.6073567151411463,,
0.07239940788588346,0.6082121471343028,,
0.07253397927600592,0.6082121471343028,,
0.07253397927600592,0.6090675791274593,,
0.0729376934463733,0.6090675791274593,,
0.0729376934463733,0.6094952951240377,,
0.07307226483649576,0.6094952951240377,,
0.07307226483649576,0.6107784431137725,,
0.07320683622661822,0.6107784431137725,,
0.07320683622661822,0.611633875106929,,
0.07334140761674068,0.611633875106929,,
0.07334140761674068,0.6120615911035072,,
0.0736105503969856,0.6120615911035072,,
0.0736105503969856,0.6124893071000855,,
0.07387969317723052,0.6124893071000855,,
0.07387969317723052,0.613344739093242,,
0.0742834073475979,0.613344739093242,,
0.0742834073475979,0.6146278870829769,,
0.07441797873772037,0.6146278870829769,,
0.07441797873772037,0.6167664670658682,,
0.07455255012784281,0.6167664670658682,,
0.07455255012784281,0.6171941830624466,,
0.07468712151796528,0.6171941830624466,,
0.07468712151796528,0.6180496150556031,,
0.0749562642982102,0.6180496150556031,,
0.0749562642982102,0.6184773310521814,,
0.07509083568833266,0.6184773310521814,,
0.07509083568833266,0.6201881950384944,,
0.07549454985870004,0.6201881950384944,,
0.07549454985870004,0.621043627031651,,
0.07603283541918988,0.621043627031651,,
0.07603283541918988,0.6214713430282293,,
0.07684026375992464,0.6214713430282293,,
0.07684026375992464,0.6223267750213858,,
0.07710940654016955,0.6223267750213858,,
0.07710940654016955,0.6227544910179641,,
0.07805140627102677,0.6227544910179641,,
0.07805140627102677,0.6231822070145423,,
0.0783205490512717,0.6231822070145423,,
0.0783205490512717,0.6240376390076989,,
0.07845512044139416,0.6240376390076989,,
0.07845512044139416,0.6244653550042771,,
0.07858969183151662,0.6244653550042771,,
0.07858969183151662,0.6253207869974337,,
0.07885883461176153,0.6253207869974337,,
0.07885883461176153,0.625748502994012,,
0.07912797739200646,0.625748502994012,,
0.07912797739200646,0.6261762189905903,,
0.07926254878212892,0.6261762189905903,,
0.07926254878212892,0.6283147989734816,,
0.07953169156237384,0.6283147989734816,,
0.07953169156237384,0.6287425149700598,,
0.07980083434261875,0.6287425149700598,,
0.07980083434261875,0.6295979469632165,,
0.08006997712286368,0.6295979469632165,,
0.08006997712286368,0.6300256629597947,,
0.0803391199031086,0.6300256629597947,,
0.0803391199031086,0.6308810949529512,,
0.08074283407347597,0.6308810949529512,,
0.08074283407347597,0.6317365269461078,,
0.08128111963396582,0.6317365269461078,,
0.08128111963396582,0.632164242942686,,
0.08155026241421073,0.632164242942686,,
0.08155026241421073,0.6325919589392643,,
0.0816848338043332,0.6325919589392643,,
0.0816848338043332,0.6334473909324209,,
0.08195397658457812,0.6334473909324209,,
0.08195397658457812,0.635158254918734,,
0.08222311936482304,0.635158254918734,,
0.08222311936482304,0.6360136869118905,,
0.08249226214506795,0.6360136869118905,,
0.08249226214506795,0.636869118905047,,
0.08276140492531288,0.636869118905047,,
0.08276140492531288,0.6372968349016254,,
0.08289597631543534,0.6372968349016254,,
0.08289597631543534,0.6415739948674081,,
0.0830305477055578,0.6415739948674081,,
0.0830305477055578,0.6420017108639863,,
0.08329969048580271,0.6420017108639863,,
0.08329969048580271,0.6424294268605646,,
0.08343426187592518,0.6424294268605646,,
0.08343426187592518,0.6428571428571429,,
0.08356883326604764,0.6428571428571429,,
0.08356883326604764,0.6432848588537211,,
0.08410711882653747,0.6432848588537211,,
0.08410711882653747,0.6437125748502994,,
0.08464540438702732,0.6437125748502994,,
0.08464540438702732,0.6449957228400343,,
0.08518368994751715,0.6449957228400343,,
0.08518368994751715,0.6458511548331908,,
0.08531826133763962,0.6458511548331908,,
0.08531826133763962,0.646278870829769,,
0.08545283272776208,0.646278870829769,,
0.08545283272776208,0.6467065868263473,,
0.08558740411788454,0.6467065868263473,,
0.08558740411788454,0.6471343028229256,,
0.085721975508007,0.6471343028229256,,
0.085721975508007,0.6475620188195038,,
0.08599111828825191,0.6475620188195038,,
0.08599111828825191,0.649272882805817,,
0.08626026106849684,0.649272882805817,,
0.08626026106849684,0.6497005988023952,,
0.0863948324586193,0.6497005988023952,,
0.0863948324586193,0.6501283147989735,,
0.08652940384874176,0.6501283147989735,,
0.08652940384874176,0.6505560307955518,,
0.08666397523886422,0.6505560307955518,,
0.08666397523886422,0.6518391787852865,,
0.08679854662898667,0.6518391787852865,,
0.08679854662898667,0.6535500427715997,,
0.0870676894092316,0.6535500427715997,,
0.0870676894092316,0.6539777587681779,,
0.08720226079935406,0.6539777587681779,,
0.08720226079935406,0.6544054747647562,,
0.08747140357959898,0.6544054747647562,,
0.08747140357959898,0.6561163387510693,,
0.08760597496972143,0.6561163387510693,,
0.08760597496972143,0.6565440547476475,,
0.0877405463598439,0.6565440547476475,,
0.0877405463598439,0.6573994867408041,,
0.08787511774996636,0.6573994867408041,,
0.08787511774996636,0.6578272027373824,,
0.08814426053021128,0.6578272027373824,,
0.08814426053021128,0.6586826347305389,,
0.08827883192033374,0.6586826347305389,,
0.08827883192033374,0.6591103507271172,,
0.0884134033104562,0.6591103507271172,,
0.0884134033104562,0.6599657827202737,,
0.08854797470057865,0.6599657827202737,,
0.08854797470057865,0.6608212147134302,,
0.08895168887094604,0.6608212147134302,,
0.08895168887094604,0.6625320786997434,,
0.08962454582155834,0.6625320786997434,,
0.08962454582155834,0.6642429426860564,,
0.08989368860180326,0.6642429426860564,,
0.08989368860180326,0.6655260906757913,,
0.09070111694253802,0.6655260906757913,,
0.09070111694253802,0.6663815226689478,,
0.09204683084376261,0.6663815226689478,,
0.09204683084376261,0.6676646706586826,,
0.09218140223388507,0.6676646706586826,,
0.09218140223388507,0.6685201026518391,,
0.09231597362400754,0.6685201026518391,,
0.09231597362400754,0.6702309666381523,,
0.09258511640425246,0.6702309666381523,,
0.09258511640425246,0.6706586826347305,,
0.09285425918449737,0.6706586826347305,,
0.09285425918449737,0.6715141146278871,,
0.09298883057461983,0.6715141146278871,,
0.09298883057461983,0.6723695466210436,,
0.0931234019647423,0.6723695466210436,,
0.0931234019647423,0.6727972626176218,,
0.09379625891535459,0.6727972626176218,,
0.09379625891535459,0.6740804106073567,,
0.09419997308572198,0.6740804106073567,,
0.09419997308572198,0.6749358426005133,,
0.09433454447584444,0.6749358426005133,,
0.09433454447584444,0.6757912745936698,,
0.09460368725608935,0.6757912745936698,,
0.09460368725608935,0.6770744225834047,,
0.09473825864621181,0.6770744225834047,,
0.09473825864621181,0.6779298545765612,,
0.09487283003633427,0.6779298545765612,,
0.09487283003633427,0.6787852865697177,,
0.0951419728165792,0.6787852865697177,,
0.0951419728165792,0.6796407185628742,,
0.09568025837706903,0.6796407185628742,,
0.09568025837706903,0.6804961505560307,,
0.09594940115731396,0.6804961505560307,,
0.09594940115731396,0.6822070145423439,,
0.09608397254743642,0.6822070145423439,,
0.09608397254743642,0.6839178785286569,,
0.09621854393755888,0.6839178785286569,,
0.09621854393755888,0.6852010265183918,,
0.09635311532768133,0.6852010265183918,,
0.09635311532768133,0.6869118905047049,,
0.09675682949804872,0.6869118905047049,,
0.09675682949804872,0.6873396065012831,,
0.09689140088817118,0.6873396065012831,,
0.09689140088817118,0.6877673224978614,,
0.09729511505853855,0.6877673224978614,,
0.09729511505853855,0.6881950384944396,,
0.09742968644866101,0.6881950384944396,,
0.09742968644866101,0.688622754491018,,
0.09810254339927331,0.688622754491018,,
0.09810254339927331,0.6899059024807528,,
0.09837168617951823,0.6899059024807528,,
0.09837168617951823,0.6907613344739093,,
0.0985062575696407,0.6907613344739093,,
0.0985062575696407,0.6911890504704876,,
0.09864082895976316,0.6911890504704876,,
0.09864082895976316,0.6920444824636441,,
0.09904454313013053,0.6920444824636441,,
0.09904454313013053,0.6924721984602225,,
0.09917911452025299,0.6924721984602225,,
0.09917911452025299,0.6928999144568007,,
0.09998654286098775,0.6928999144568007,,
0.09998654286098775,0.695038494439692,,
0.10025568564123268,0.695038494439692,,
0.10025568564123268,0.6954662104362703,,
0.10146682815233482,0.6954662104362703,,
0.10146682815233482,0.6958939264328486,,
0.10160139954245727,0.6958939264328486,,
0.10160139954245727,0.6963216424294268,,
0.10187054232270219,0.6963216424294268,,
0.10187054232270219,0.6967493584260052,,
0.10200511371282465,0.6967493584260052,,
0.10200511371282465,0.69803250641574,,
0.10281254205355941,0.69803250641574,,
0.10281254205355941,0.6984602224123182,,
0.10294711344368188,0.6984602224123182,,
0.10294711344368188,0.6988879384088965,,
0.10308168483380434,0.6988879384088965,,
0.10308168483380434,0.6993156544054747,,
0.10361997039429417,0.6993156544054747,,
0.10361997039429417,0.7005988023952096,,
0.10375454178441663,0.7005988023952096,,
0.10375454178441663,0.7014542343883661,,
0.10469654151527386,0.7014542343883661,,
0.10469654151527386,0.7023096663815227,,
0.10483111290539632,0.7023096663815227,,
0.10483111290539632,0.7027373823781009,,
0.10496568429551877,0.7027373823781009,,
0.10496568429551877,0.7031650983746792,,
0.10523482707576369,0.7031650983746792,,
0.10523482707576369,0.7035928143712575,,
0.10577311263625354,0.7035928143712575,,
0.10577311263625354,0.7040205303678357,,
0.10604225541649845,0.7040205303678357,,
0.10604225541649845,0.7048759623609923,,
0.10644596958686584,0.7048759623609923,,
0.10644596958686584,0.7053036783575706,,
0.1065805409769883,0.7053036783575706,,
0.1065805409769883,0.7057313943541489,,
0.10671511236711075,0.7057313943541489,,
0.10671511236711075,0.7070145423438836,,
0.10684968375723321,0.7070145423438836,,
0.10684968375723321,0.7074422583404619,,
0.1072533979276006,0.7074422583404619,,
0.1072533979276006,0.7082976903336184,,
0.10738796931772306,0.7082976903336184,,
0.10738796931772306,0.7087254063301968,,
0.10752254070784552,0.7087254063301968,,
0.10752254070784552,0.7091531223267751,,
0.10765711209796797,0.7091531223267751,,
0.10765711209796797,0.7100085543199316,,
0.10806082626833535,0.7100085543199316,,
0.10806082626833535,0.7104362703165098,,
0.10873368321894765,0.7104362703165098,,
0.10873368321894765,0.7108639863130881,,
0.10913739738931504,0.7108639863130881,,
0.10913739738931504,0.7117194183062446,,
0.1092719687794375,0.7117194183062446,,
0.1092719687794375,0.7134302822925578,,
0.10954111155968241,0.7134302822925578,,
0.10954111155968241,0.7147134302822925,,
0.11007939712017226,0.7147134302822925,,
0.11007939712017226,0.7151411462788708,,
0.11061768268066209,0.7151411462788708,,
0.11061768268066209,0.7155688622754491,,
0.11088682546090702,0.7155688622754491,,
0.11088682546090702,0.7159965782720273,,
0.11115596824115193,0.7159965782720273,,
0.11115596824115193,0.7164242942686057,,
0.11155968241151931,0.7164242942686057,,
0.11155968241151931,0.716852010265184,,
0.11169425380164177,0.716852010265184,,
0.11169425380164177,0.7172797262617622,,
0.11196339658188668,0.7172797262617622,,
0.11196339658188668,0.7181351582549187,,
0.112636253532499,0.7181351582549187,,
0.112636253532499,0.718562874251497,,
0.11277082492262146,0.718562874251497,,
0.11277082492262146,0.7189905902480753,,
0.1129053963127439,0.7189905902480753,,
0.1129053963127439,0.7194183062446535,,
0.11465482438433588,0.7194183062446535,,
0.11465482438433588,0.72027373823781,,
0.11492396716458081,0.72027373823781,,
0.11492396716458081,0.7211291702309667,,
0.1153276813349482,0.7211291702309667,,
0.1153276813349482,0.7219846022241232,,
0.11667339523617279,0.7219846022241232,,
0.11667339523617279,0.7224123182207014,,
0.11734625218678509,0.7224123182207014,,
0.11734625218678509,0.7228400342172797,,
0.11761539496703001,0.7228400342172797,,
0.11761539496703001,0.723267750213858,,
0.11788453774727493,0.723267750213858,,
0.11788453774727493,0.7236954662104362,,
0.1180191091373974,0.7236954662104362,,
0.1180191091373974,0.7241231822070145,,
0.1182882519176423,0.7241231822070145,,
0.1182882519176423,0.7254063301967494,,
0.11923025164849953,0.7254063301967494,,
0.11923025164849953,0.7262617621899059,,
0.12044139415960167,0.7262617621899059,,
0.12044139415960167,0.7266894781864842,,
0.12057596554972413,0.7266894781864842,,
0.12057596554972413,0.7271171941830624,,
0.12084510832996904,0.7271171941830624,,
0.12084510832996904,0.7275449101796407,,
0.1216525366707038,0.7275449101796407,,
0.1216525366707038,0.7279726261762189,,
0.12192167945094873,0.7279726261762189,,
0.12192167945094873,0.7292557741659538,,
0.12205625084107119,0.7292557741659538,,
0.12205625084107119,0.7296834901625321,,
0.12259453640156102,0.7296834901625321,,
0.12259453640156102,0.7305389221556886,,
0.12313282196205087,0.7305389221556886,,
0.12313282196205087,0.7309666381522669,,
0.12420939308303054,0.7309666381522669,,
0.12420939308303054,0.7313943541488451,,
0.12474767864352039,0.7313943541488451,,
0.12474767864352039,0.7322497861420018,,
0.12488225003364285,0.7322497861420018,,
0.12488225003364285,0.7339606501283148,,
0.12515139281388776,0.7339606501283148,,
0.12515139281388776,0.7343883661248931,,
0.12528596420401023,0.7343883661248931,,
0.12528596420401023,0.7360992301112061,,
0.1254205355941327,0.7360992301112061,,
0.1254205355941327,0.7365269461077845,,
0.12555510698425515,0.7365269461077845,,
0.12555510698425515,0.7369546621043627,,
0.1256896783743776,0.7369546621043627,,
0.1256896783743776,0.737382378100941,,
0.12582424976450007,0.737382378100941,,
0.12582424976450007,0.7378100940975193,,
0.126093392544745,0.7378100940975193,,
0.126093392544745,0.7382378100940975,,
0.1263625353249899,0.7382378100940975,,
0.1263625353249899,0.7386655260906758,,
0.12649710671511236,0.7386655260906758,,
0.12649710671511236,0.739093242087254,,
0.1270353922756022,0.739093242087254,,
0.1270353922756022,0.7395209580838323,,
0.12757367783609205,0.7395209580838323,,
0.12757367783609205,0.7403763900769889,,
0.12770824922621452,0.7403763900769889,,
0.12770824922621452,0.7408041060735672,,
0.12797739200645944,0.7408041060735672,,
0.12797739200645944,0.7416595380667237,,
0.12959224868792896,0.7416595380667237,,
0.12959224868792896,0.742087254063302,,
0.12972682007805142,0.742087254063302,,
0.12972682007805142,0.7425149700598802,,
0.13026510563854124,0.7425149700598802,,
0.13026510563854124,0.7433704020530368,,
0.13066881980890863,0.7433704020530368,,
0.13066881980890863,0.7442258340461934,,
0.131072533979276,0.7442258340461934,,
0.131072533979276,0.7450812660393499,,
0.13161081953976583,0.7450812660393499,,
0.13161081953976583,0.7467921300256629,,
0.1317453909298883,0.7467921300256629,,
0.1317453909298883,0.7472198460222412,,
0.13295653344099045,0.7472198460222412,,
0.13295653344099045,0.7480752780153977,,
0.13349481900148027,0.7480752780153977,,
0.13349481900148027,0.7485029940119761,,
0.13389853317184766,0.7485029940119761,,
0.13389853317184766,0.7493584260051326,,
0.13416767595209259,0.7493584260051326,,
0.13416767595209259,0.7497861420017109,,
0.13497510429282736,0.7497861420017109,,
0.13497510429282736,0.7502138579982891,,
0.1351096756829498,0.7502138579982891,,
0.1351096756829498,0.7510692899914457,,
0.13564796124343964,0.7510692899914457,,
0.13564796124343964,0.7527801539777588,,
0.1357825326335621,0.7527801539777588,,
0.1357825326335621,0.7536355859709153,,
0.13591710402368457,0.7536355859709153,,
0.13591710402368457,0.7540633019674936,,
0.1361862468039295,0.7540633019674936,,
0.1361862468039295,0.7553464499572284,,
0.13632081819405195,0.7553464499572284,,
0.13632081819405195,0.7557741659538066,,
0.1371282465347867,0.7557741659538066,,
0.1371282465347867,0.7570573139435415,,
0.13753196070515408,0.7570573139435415,,
0.13753196070515408,0.7574850299401198,,
0.13793567487552147,0.7574850299401198,,
0.13793567487552147,0.7583404619332763,,
0.13833938904588886,0.7583404619332763,,
0.13833938904588886,0.7587681779298546,,
0.13860853182613375,0.7587681779298546,,
0.13860853182613375,0.7591958939264328,,
0.13901224599650114,0.7591958939264328,,
0.13901224599650114,0.7596236099230111,,
0.13928138877674606,0.7596236099230111,,
0.13928138877674606,0.7600513259195893,,
0.13941596016686852,0.7600513259195893,,
0.13941596016686852,0.7604790419161677,,
0.13968510294711345,0.7604790419161677,,
0.13968510294711345,0.760906757912746,,
0.13995424572735837,0.760906757912746,,
0.13995424572735837,0.7613344739093242,,
0.14008881711748083,0.7613344739093242,,
0.14008881711748083,0.7617621899059025,,
0.14076167406809312,0.7617621899059025,,
0.14076167406809312,0.7621899059024807,,
0.14103081684833804,0.7621899059024807,,
0.14103081684833804,0.7630453378956373,,
0.14224195935944017,0.7630453378956373,,
0.14224195935944017,0.7639007698887939,,
0.14237653074956264,0.7639007698887939,,
0.14237653074956264,0.7643284858853722,,
0.14304938770017495,0.7643284858853722,,
0.14304938770017495,0.7651839178785287,,
0.1431839590902974,0.7651839178785287,,
0.1431839590902974,0.7660393498716852,,
0.14331853048041987,0.7660393498716852,,
0.14331853048041987,0.7664670658682635,,
0.14372224465078726,0.7664670658682635,,
0.14372224465078726,0.7668947818648417,,
0.1438568160409097,0.7668947818648417,,
0.1438568160409097,0.76732249786142,,
0.14466424438164446,0.76732249786142,,
0.14466424438164446,0.7677502138579982,,
0.1449333871618894,0.7677502138579982,,
0.1449333871618894,0.7681779298545766,,
0.14506795855201185,0.7681779298545766,,
0.14506795855201185,0.7694610778443114,,
0.1452025299421343,0.7694610778443114,,
0.1452025299421343,0.7698887938408896,,
0.14533710133225677,0.7698887938408896,,
0.14533710133225677,0.7703165098374679,,
0.14574081550262413,0.7703165098374679,,
0.14574081550262413,0.7711719418306244,,
0.14600995828286906,0.7711719418306244,,
0.14600995828286906,0.7720273738237811,,
0.14614452967299152,0.7720273738237811,,
0.14614452967299152,0.7724550898203593,,
0.1465482438433589,0.7724550898203593,,
0.1465482438433589,0.7728828058169376,,
0.14708652940384875,0.7728828058169376,,
0.14708652940384875,0.7737382378100941,,
0.1474902435742161,0.7737382378100941,,
0.1474902435742161,0.7745936698032506,,
0.1478939577445835,0.7745936698032506,,
0.1478939577445835,0.7750213857998289,,
0.14829767191495088,0.7750213857998289,,
0.14829767191495088,0.7754491017964071,,
0.14870138608531827,0.7754491017964071,,
0.14870138608531827,0.7763045337895638,,
0.14897052886556317,0.7763045337895638,,
0.14897052886556317,0.776732249786142,,
0.1492396716458081,0.776732249786142,,
0.1492396716458081,0.7771599657827203,,
0.14964338581617548,0.7771599657827203,,
0.14964338581617548,0.7775876817792986,,
0.14977795720629794,0.7775876817792986,,
0.14977795720629794,0.7780153977758768,,
0.1499125285964204,0.7780153977758768,,
0.1499125285964204,0.7784431137724551,,
0.1505853855470327,0.7784431137724551,,
0.1505853855470327,0.7788708297690333,,
0.1508545283272776,0.7788708297690333,,
0.1508545283272776,0.77972626176219,,
0.15098909971740007,0.77972626176219,,
0.15098909971740007,0.7810094097519247,,
0.15112367110752253,0.7810094097519247,,
0.15112367110752253,0.781437125748503,,
0.15152738527788992,0.781437125748503,,
0.15152738527788992,0.7822925577416595,,
0.1519310994482573,0.7822925577416595,,
0.1519310994482573,0.7835757057313943,,
0.15273852778899205,0.7835757057313943,,
0.15273852778899205,0.7844311377245509,,
0.15341138473960436,0.7844311377245509,,
0.15341138473960436,0.7848588537211292,,
0.15368052751984929,0.7848588537211292,,
0.15368052751984929,0.7852865697177075,,
0.15489167003095142,0.7852865697177075,,
0.15489167003095142,0.7857142857142857,,
0.1556990983716862,0.7857142857142857,,
0.1556990983716862,0.786142001710864,,
0.15610281254205355,0.786142001710864,,
0.15610281254205355,0.7869974337040205,,
0.15717938366303325,0.7869974337040205,,
0.15717938366303325,0.7874251497005988,,
0.15771766922352307,0.7874251497005988,,
0.15771766922352307,0.787852865697177,,
0.15852509756425784,0.787852865697177,,
0.15852509756425784,0.7891360136869119,,
0.1586596689543803,0.7891360136869119,,
0.1586596689543803,0.7899914456800684,,
0.15879424034450276,0.7899914456800684,,
0.15879424034450276,0.7904191616766467,,
0.1596016686852375,0.7904191616766467,,
0.1596016686852375,0.7908468776732249,,
0.15987081146548243,0.7908468776732249,,
0.15987081146548243,0.7912745936698032,,
0.1606782398062172,0.7912745936698032,,
0.1606782398062172,0.7917023096663816,,
0.16081281119633967,0.7917023096663816,,
0.16081281119633967,0.7921300256629598,,
0.1616202395370744,0.7921300256629598,,
0.1616202395370744,0.7929854576561164,,
0.16283138204817657,0.7929854576561164,,
0.16283138204817657,0.7934131736526946,,
0.162965953438299,0.7934131736526946,,
0.162965953438299,0.7942686056458511,,
0.16310052482842147,0.7942686056458511,,
0.16310052482842147,0.7946963216424294,,
0.1633696676086664,0.7946963216424294,,
0.1633696676086664,0.7951240376390077,,
0.16350423899878885,0.7951240376390077,,
0.16350423899878885,0.795551753635586,,
0.16458081011976855,0.795551753635586,,
0.16458081011976855,0.7964071856287425,,
0.16484995290001345,0.7964071856287425,,
0.16484995290001345,0.7968349016253208,,
0.1649845242901359,0.7968349016253208,,
0.1649845242901359,0.7981180496150556,,
0.16552280985062576,0.7981180496150556,,
0.16552280985062576,0.7985457656116339,,
0.16646480958148296,0.7985457656116339,,
0.16646480958148296,0.7989734816082121,,
0.16659938097160543,0.7989734816082121,,
0.16659938097160543,0.7994011976047904,,
0.16713766653209527,0.7994011976047904,,
0.16713766653209527,0.7998289136013687,,
0.1680796662629525,0.7998289136013687,,
0.1680796662629525,0.8006843455945253,,
0.1683488090431974,0.8006843455945253,,
0.1683488090431974,0.8011120615911035,,
0.16848338043331987,0.8011120615911035,,
0.16848338043331987,0.80196749358426,,
0.16915623738393218,0.80196749358426,,
0.16915623738393218,0.8023952095808383,,
0.16955995155429957,0.8023952095808383,,
0.16955995155429957,0.8028229255774166,,
0.17023280850491185,0.8028229255774166,,
0.17023280850491185,0.8041060735671514,,
0.1703673798950343,0.8041060735671514,,
0.1703673798950343,0.8045337895637297,,
0.17090566545552416,0.8045337895637297,,
0.17090566545552416,0.804961505560308,,
0.17130937962589154,0.804961505560308,,
0.17130937962589154,0.8053892215568862,,
0.17198223657650383,0.8053892215568862,,
0.17198223657650383,0.806672369546621,,
0.1721168079666263,0.806672369546621,,
0.1721168079666263,0.8071000855431993,,
0.1723859507468712,0.8071000855431993,,
0.1723859507468712,0.8079555175363559,,
0.17252052213699368,0.8079555175363559,,
0.17252052213699368,0.8083832335329342,,
0.17265509352711614,0.8083832335329342,,
0.17265509352711614,0.8088109495295124,,
0.1727896649172386,0.8088109495295124,,
0.1727896649172386,0.8092386655260907,,
0.17359709325797335,0.8092386655260907,,
0.17359709325797335,0.8096663815226689,,
0.1737316646480958,0.8096663815226689,,
0.1737316646480958,0.8105218135158255,,
0.1748082357690755,0.8105218135158255,,
0.1748082357690755,0.811377245508982,,
0.17521194993944286,0.811377245508982,,
0.17521194993944286,0.8118049615055604,,
0.17534652132956532,0.8118049615055604,,
0.17534652132956532,0.8126603934987169,,
0.1761539496703001,0.8126603934987169,,
0.1761539496703001,0.8130881094952951,,
0.17642309245054502,0.8130881094952951,,
0.17642309245054502,0.8143712574850299,,
0.17669223523078995,0.8143712574850299,,
0.17669223523078995,0.8152266894781864,,
0.17830709191225946,0.8152266894781864,,
0.17830709191225946,0.8156544054747648,,
0.17924909164311667,0.8156544054747648,,
0.17924909164311667,0.8160821214713431,,
0.17938366303323913,0.8160821214713431,,
0.17938366303323913,0.8169375534644996,,
0.1795182344233616,0.8169375534644996,,
0.1795182344233616,0.8173652694610778,,
0.17965280581348406,0.8173652694610778,,
0.17965280581348406,0.8177929854576561,,
0.1801910913739739,0.8177929854576561,,
0.1801910913739739,0.8182207014542344,,
0.1808639483245862,0.8182207014542344,,
0.1808639483245862,0.8186484174508126,,
0.18194051944556588,0.8186484174508126,,
0.18194051944556588,0.8190761334473909,,
0.18234423361593324,0.8190761334473909,,
0.18234423361593324,0.8195038494439693,,
0.18261337639617817,0.8195038494439693,,
0.18261337639617817,0.8203592814371258,,
0.18328623334679048,0.8203592814371258,,
0.18328623334679048,0.820786997433704,,
0.18342080473691294,0.820786997433704,,
0.18342080473691294,0.8212147134302823,,
0.18409366168752522,0.8212147134302823,,
0.18409366168752522,0.8216424294268606,,
0.18422823307764769,0.8216424294268606,,
0.18422823307764769,0.8224978614200171,,
0.18436280446777015,0.8224978614200171,,
0.18436280446777015,0.8229255774165953,,
0.18463194724801507,0.8229255774165953,,
0.18463194724801507,0.8233532934131736,,
0.18476651863813753,0.8233532934131736,,
0.18476651863813753,0.8246364414029085,,
0.18503566141838246,0.8246364414029085,,
0.18503566141838246,0.8250641573994867,,
0.18597766114923966,0.8250641573994867,,
0.18597766114923966,0.825491873396065,,
0.18665051809985198,0.825491873396065,,
0.18665051809985198,0.8259195893926433,,
0.18678508948997444,0.8259195893926433,,
0.18678508948997444,0.8263473053892215,,
0.18772708922083164,0.8263473053892215,,
0.18772708922083164,0.8267750213857998,,
0.18799623200107657,0.8267750213857998,,
0.18799623200107657,0.8272027373823782,,
0.18813080339119903,0.8272027373823782,,
0.18813080339119903,0.8276304533789564,,
0.1902839456331584,0.8276304533789564,,
0.1902839456331584,0.8280581693755347,,
0.19068765980352578,0.8280581693755347,,
0.19068765980352578,0.8284858853721129,,
0.19095680258377068,0.8284858853721129,,
0.19095680258377068,0.8289136013686912,,
0.19136051675413807,0.8289136013686912,,
0.19136051675413807,0.8293413173652695,,
0.191629659534383,0.8293413173652695,,
0.191629659534383,0.8297690333618477,,
0.19203337370475038,0.8297690333618477,,
0.19203337370475038,0.830196749358426,,
0.19270623065536266,0.830196749358426,,
0.19270623065536266,0.8306244653550042,,
0.19418651594670974,0.8306244653550042,,
0.19418651594670974,0.8310521813515825,,
0.19432108733683218,0.8310521813515825,,
0.19432108733683218,0.8314798973481609,,
0.1945902301170771,0.8314798973481609,,
0.1945902301170771,0.8319076133447391,,
0.19620508679854662,0.8319076133447391,,
0.19620508679854662,0.8327630453378957,,
0.19633965818866908,0.8327630453378957,,
0.19633965818866908,0.8331907613344739,,
0.19755080069977124,0.8331907613344739,,
0.19755080069977124,0.8336184773310522,,
0.1976853720898937,0.8336184773310522,,
0.1976853720898937,0.8340461933276304,,
0.19781994348001614,0.8340461933276304,,
0.19781994348001614,0.834901625320787,,
0.1990310859911183,0.834901625320787,,
0.1990310859911183,0.8353293413173652,,
0.19956937155160812,0.8353293413173652,,
0.19956937155160812,0.8366124893071001,,
0.20024222850222043,0.8366124893071001,,
0.20024222850222043,0.8370402053036784,,
0.20051137128246535,0.8370402053036784,,
0.20051137128246535,0.8374679213002566,,
0.20091508545283274,0.8374679213002566,,
0.20091508545283274,0.8383233532934131,,
0.20145337101332256,0.8383233532934131,,
0.20145337101332256,0.8387510692899914,,
0.20212622796393487,0.8387510692899914,,
0.20212622796393487,0.8391787852865698,,
0.20226079935405733,0.8391787852865698,,
0.20226079935405733,0.839606501283148,,
0.20266451352442472,0.839606501283148,,
0.20266451352442472,0.8400342172797263,,
0.20374108464540439,0.8400342172797263,,
0.20374108464540439,0.8404619332763046,,
0.2040102274256493,0.8404619332763046,,
0.2040102274256493,0.8408896492728828,,
0.2044139415960167,0.8408896492728828,,
0.2044139415960167,0.8417450812660393,,
0.20549051271699637,0.8417450812660393,,
0.20549051271699637,0.8421727972626176,,
0.20562508410711883,0.8421727972626176,,
0.20562508410711883,0.8426005132591959,,
0.20589422688736375,0.8426005132591959,,
0.20589422688736375,0.8434559452523525,,
0.20629794105773114,0.8434559452523525,,
0.20629794105773114,0.8438836612489307,,
0.20656708383797603,0.8438836612489307,,
0.20656708383797603,0.844311377245509,,
0.20710536939846588,0.844311377245509,,
0.20710536939846588,0.8451668092386655,,
0.2077782263490782,0.8451668092386655,,
0.2077782263490782,0.8455945252352438,,
0.20791279773920066,0.8455945252352438,,
0.20791279773920066,0.8464499572284003,,
0.20858565468981294,0.8464499572284003,,
0.20858565468981294,0.8468776732249786,,
0.2087202260799354,0.8468776732249786,,
0.2087202260799354,0.8473053892215568,,
0.20898936886018032,0.8473053892215568,,
0.20898936886018032,0.8477331052181352,,
0.2093930830305477,0.8477331052181352,,
0.2093930830305477,0.8481608212147135,,
0.20966222581079264,0.8481608212147135,,
0.20966222581079264,0.8485885372112917,,
0.21006593998116,0.8485885372112917,,
0.21006593998116,0.84901625320787,,
0.21046965415152738,0.84901625320787,,
0.21046965415152738,0.8494439692044482,,
0.2107387969317723,0.8494439692044482,,
0.2107387969317723,0.8498716852010265,,
0.21141165388238461,0.8498716852010265,,
0.21141165388238461,0.8502994011976048,,
0.2116807966626295,0.8502994011976048,,
0.2116807966626295,0.850727117194183,,
0.21235365361324182,0.850727117194183,,
0.21235365361324182,0.8511548331907614,,
0.21248822500336428,0.8511548331907614,,
0.21248822500336428,0.8515825491873396,,
0.21383393890458888,0.8515825491873396,,
0.21383393890458888,0.8520102651839179,,
0.21423765307495626,0.8520102651839179,,
0.21423765307495626,0.8528656971770744,,
0.21598708114654824,0.8528656971770744,,
0.21598708114654824,0.8532934131736527,,
0.2161216525366707,0.8532934131736527,,
0.2161216525366707,0.8541488451668092,,
0.21639079531691563,0.8541488451668092,,
0.21639079531691563,0.8550042771599657,,
0.21665993809716055,0.8550042771599657,,
0.21665993809716055,0.8558597091531224,,
0.21840936616875253,0.8558597091531224,,
0.21840936616875253,0.8562874251497006,,
0.21867850894899743,0.8562874251497006,,
0.21867850894899743,0.8567151411462789,,
0.21935136589960974,0.8567151411462789,,
0.21935136589960974,0.8571428571428571,,
0.2204279370205894,0.8571428571428571,,
0.2204279370205894,0.8575705731394354,,
0.22096622258107926,0.8575705731394354,,
0.22096622258107926,0.8584260051325919,,
0.22110079397120172,0.8584260051325919,,
0.22110079397120172,0.8588537211291702,,
0.22136993675144664,0.8588537211291702,,
0.22136993675144664,0.8592814371257484,,
0.22204279370205895,0.8592814371257484,,
0.22204279370205895,0.8597091531223268,,
0.2221773650921814,0.8597091531223268,,
0.2221773650921814,0.8605645851154833,,
0.22231193648230385,0.8605645851154833,,
0.22231193648230385,0.8609923011120616,,
0.22258107926254878,0.8609923011120616,,
0.22258107926254878,0.8614200171086399,,
0.2228502220427937,0.8614200171086399,,
0.2228502220427937,0.8622754491017964,,
0.22365765038352847,0.8622754491017964,,
0.22365765038352847,0.863130881094953,,
0.22379222177365093,0.863130881094953,,
0.22379222177365093,0.8635585970915313,,
0.2241959359440183,0.8635585970915313,,
0.2241959359440183,0.8639863130881095,,
0.22500336428475307,0.8639863130881095,,
0.22500336428475307,0.8644140290846878,,
0.225272507064998,0.8644140290846878,,
0.225272507064998,0.8652694610778443,,
0.22742564930695733,0.8652694610778443,,
0.22742564930695733,0.8661248930710008,,
0.2275602206970798,0.8661248930710008,,
0.2275602206970798,0.8665526090675791,,
0.22782936347732471,0.8665526090675791,,
0.22782936347732471,0.8674080410607357,,
0.2286367918180595,0.8674080410607357,,
0.2286367918180595,0.867835757057314,,
0.22944422015879423,0.867835757057314,,
0.22944422015879423,0.8682634730538922,,
0.23038621988965147,0.8682634730538922,,
0.23038621988965147,0.8686911890504705,,
0.23146279101063114,0.8686911890504705,,
0.23146279101063114,0.869546621043627,,
0.2322702193513659,0.869546621043627,,
0.2322702193513659,0.8699743370402053,,
0.23267393352173327,0.8699743370402053,,
0.23267393352173327,0.8704020530367835,,
0.2336159332525905,0.8704020530367835,,
0.2336159332525905,0.8708297690333618,,
0.23536536132418248,0.8708297690333618,,
0.23536536132418248,0.8712574850299402,,
0.23576907549454987,0.8712574850299402,,
0.23576907549454987,0.8716852010265184,,
0.23644193244516215,0.8716852010265184,,
0.23644193244516215,0.8721129170230967,,
0.23819136051675413,0.8721129170230967,,
0.23819136051675413,0.8725406330196749,,
0.23846050329699905,0.8725406330196749,,
0.23846050329699905,0.8729683490162532,,
0.23859507468712152,0.8729683490162532,,
0.23859507468712152,0.8733960650128315,,
0.23980621719822365,0.8733960650128315,,
0.23980621719822365,0.8738237810094097,,
0.24020993136859103,0.8738237810094097,,
0.24020993136859103,0.8746792130025663,,
0.24074821692908088,0.8746792130025663,,
0.24074821692908088,0.8751069289991446,,
0.2410173597093258,0.8751069289991446,,
0.2410173597093258,0.8755346449957229,,
0.24155564526981563,0.8755346449957229,,
0.24155564526981563,0.8763900769888794,,
0.24249764500067286,0.8763900769888794,,
0.24249764500067286,0.8772455089820359,,
0.2427667877809178,0.8772455089820359,,
0.2427667877809178,0.8776732249786142,,
0.24317050195128515,0.8776732249786142,,
0.24317050195128515,0.8781009409751924,,
0.24397793029201992,0.8781009409751924,,
0.24397793029201992,0.8785286569717707,,
0.2443816444623873,0.8785286569717707,,
0.2443816444623873,0.878956372968349,,
0.24478535863275466,0.878956372968349,,
0.24478535863275466,0.8793840889649273,,
0.2466693580944691,0.8793840889649273,,
0.2466693580944691,0.8806672369546621,,
0.24720764365495895,0.8806672369546621,,
0.24720764365495895,0.8810949529512404,,
0.24747678643520388,0.8810949529512404,,
0.24747678643520388,0.8823781009409752,,
0.2481496433858162,0.8823781009409752,,
0.2481496433858162,0.8832335329341318,,
0.248687928946306,0.8832335329341318,,
0.248687928946306,0.88366124893071,,
0.2500336428475306,0.88366124893071,,
0.2500336428475306,0.8849443969204448,,
0.25097564257838784,0.8849443969204448,,
0.25097564257838784,0.8853721129170231,,
0.25326335621046964,0.8853721129170231,,
0.25326335621046964,0.8857998289136013,,
0.2538016417709595,0.8857998289136013,,
0.2538016417709595,0.8862275449101796,,
0.2544744987215718,0.8862275449101796,,
0.2544744987215718,0.8875106928999145,,
0.2555510698425515,0.8875106928999145,,
0.2555510698425515,0.8879384088964928,,
0.25689678374377606,0.8879384088964928,,
0.25689678374377606,0.888366124893071,,
0.25756964069438837,0.888366124893071,,
0.25756964069438837,0.8887938408896493,,
0.25985735432647017,0.8887938408896493,,
0.25985735432647017,0.8896492728828058,,
0.25999192571659263,0.8896492728828058,,
0.25999192571659263,0.8900769888793841,,
0.26039563988696,0.8900769888793841,,
0.26039563988696,0.8909324208725407,,
0.2612030682276948,0.8909324208725407,,
0.2612030682276948,0.8913601368691189,,
0.2629524962992868,0.8913601368691189,,
0.2629524962992868,0.8917878528656972,,
0.26362535324989905,0.8917878528656972,,
0.26362535324989905,0.8922155688622755,,
0.2667204952227156,0.8922155688622755,,
0.2667204952227156,0.8926432848588537,,
0.26698963800296055,0.8926432848588537,,
0.26698963800296055,0.893071000855432,,
0.26739335217332794,0.893071000855432,,
0.26739335217332794,0.8934987168520102,,
0.26833535190418517,0.8934987168520102,,
0.26833535190418517,0.8943541488451668,,
0.27035392275602205,0.8943541488451668,,
0.27035392275602205,0.894781864841745,,
0.2742564930695734,0.894781864841745,,
0.2742564930695734,0.8952095808383234,,
0.2746602072399408,0.8952095808383234,,
0.2746602072399408,0.8956372968349017,,
0.27506392141030817,0.8956372968349017,,
0.27506392141030817,0.8960650128314799,,
0.2751984928004306,0.8960650128314799,,
0.2751984928004306,0.8964927288280582,,
0.2757367783609205,0.8964927288280582,,
0.2757367783609205,0.8969204448246364,,
0.27654420670165525,0.8969204448246364,,
0.27654420670165525,0.8973481608212147,,
0.2766787780917777,0.8973481608212147,,
0.2766787780917777,0.897775876817793,,
0.27694792087202263,0.897775876817793,,
0.27694792087202263,0.8982035928143712,,
0.27708249226214504,0.8982035928143712,,
0.27708249226214504,0.8986313088109495,,
0.27815906338312474,0.8986313088109495,,
0.27815906338312474,0.8990590248075278,,
0.27923563450410444,0.8990590248075278,,
0.27923563450410444,0.8994867408041061,,
0.2793702058942269,0.8994867408041061,,
0.2793702058942269,0.8999144568006844,,
0.28031220562508413,0.8999144568006844,,
0.28031220562508413,0.9003421727972626,,
0.280581348405329,0.9003421727972626,,
0.280581348405329,0.9007698887938409,,
0.28111963396581885,0.9007698887938409,,
0.28111963396581885,0.9011976047904192,,
0.28179249091643116,0.9011976047904192,,
0.28179249091643116,0.9016253207869974,,
0.28246534786704347,0.9016253207869974,,
0.28246534786704347,0.9020530367835757,,
0.2827344906472884,0.9020530367835757,,
0.2827344906472884,0.9024807527801539,,
0.2830036334275333,0.9024807527801539,,
0.2830036334275333,0.9037639007698888,,
0.28354191898802317,0.9037639007698888,,
0.28354191898802317,0.9041916167664671,,
0.2842147759386354,0.9041916167664671,,
0.2842147759386354,0.9046193327630453,,
0.2846184901090028,0.9046193327630453,,
0.2846184901090028,0.9054747647562019,,
0.2875790606916969,0.9054747647562019,,
0.2875790606916969,0.9059024807527801,,
0.28811734625218677,0.9059024807527801,,
0.28811734625218677,0.9063301967493584,,
0.28852106042255415,0.9063301967493584,,
0.28852106042255415,0.9076133447390933,,
0.28892477459292154,0.9076133447390933,,
0.28892477459292154,0.9080410607356715,,
0.289059345983044,0.9080410607356715,,
0.289059345983044,0.9084687767322498,,
0.2894630601534114,0.9084687767322498,,
0.2894630601534114,0.9088964927288281,,
0.2904050598842686,0.9088964927288281,,
0.2904050598842686,0.9093242087254063,,
0.2913470596151258,0.9093242087254063,,
0.2913470596151258,0.9101796407185628,,
0.2916162023953707,0.9101796407185628,,
0.2916162023953707,0.9106073567151411,,
0.2920199165657381,0.9106073567151411,,
0.2920199165657381,0.911890504704876,,
0.2921544879558606,0.911890504704876,,
0.2921544879558606,0.9123182207014542,,
0.29336563046696273,0.9123182207014542,,
0.29336563046696273,0.9127459366980325,,
0.29403848741757505,0.9127459366980325,,
0.29403848741757505,0.9131736526946108,,
0.29430763019781997,0.9131736526946108,,
0.29430763019781997,0.913601368691189,,
0.2949804871484322,0.913601368691189,,
0.2949804871484322,0.9140290846877673,,
0.295787915489167,0.9140290846877673,,
0.295787915489167,0.9144568006843456,,
0.29672991522002423,0.9144568006843456,,
0.29672991522002423,0.9148845166809239,,
0.2987484860718611,0.9148845166809239,,
0.2987484860718611,0.9153122326775022,,
0.29901762885210603,0.9153122326775022,,
0.29901762885210603,0.9157399486740804,,
0.29928677163235096,0.9157399486740804,,
0.29928677163235096,0.9161676646706587,,
0.30076705692369804,0.9161676646706587,,
0.30076705692369804,0.916595380667237,,
0.3011707710940654,0.916595380667237,,
0.3011707710940654,0.9170230966638152,,
0.3013053424841879,0.9170230966638152,,
0.3013053424841879,0.9174508126603935,,
0.30197819943480014,0.9174508126603935,,
0.30197819943480014,0.9178785286569717,,
0.30238191360516753,0.9178785286569717,,
0.30238191360516753,0.9187339606501284,,
0.3031893419459023,0.9187339606501284,,
0.3031893419459023,0.9195893926432849,,
0.3034584847261472,0.9195893926432849,,
0.3034584847261472,0.9200171086398631,,
0.30413134167675954,0.9200171086398631,,
0.30413134167675954,0.9204448246364414,,
0.3046696272372494,0.9204448246364414,,
0.3046696272372494,0.9208725406330197,,
0.30534248418786164,0.9208725406330197,,
0.30534248418786164,0.9213002566295979,,
0.30601534113847395,0.9213002566295979,,
0.30601534113847395,0.9217279726261762,,
0.3069573408693312,0.9217279726261762,,
0.3069573408693312,0.9221556886227545,,
0.30736105503969857,0.9221556886227545,,
0.30736105503969857,0.9225834046193327,,
0.30749562642982103,0.9225834046193327,,
0.30749562642982103,0.9230111206159111,,
0.3076301978199435,0.9230111206159111,,
0.3076301978199435,0.9234388366124893,,
0.30776476921006596,0.9234388366124893,,
0.30776476921006596,0.9242942686056459,,
0.30816848338043334,0.9242942686056459,,
0.30816848338043334,0.9247219846022241,,
0.3083030547705558,0.9247219846022241,,
0.3083030547705558,0.9255774165953806,,
0.31005248284214776,0.9255774165953806,,
0.31005248284214776,0.9260051325919589,,
0.310994482573005,0.9260051325919589,,
0.310994482573005,0.9264328485885372,,
0.31112905396312746,0.9264328485885372,,
0.31112905396312746,0.9268605645851155,,
0.3113981967433724,0.9268605645851155,,
0.3113981967433724,0.9272882805816938,,
0.31301305342484187,0.9272882805816938,,
0.31301305342484187,0.927715996578272,,
0.31314762481496433,0.927715996578272,,
0.31314762481496433,0.9281437125748503,,
0.3153007670569237,0.9281437125748503,,
0.3153007670569237,0.9285714285714286,,
0.31678105234827075,0.9285714285714286,,
0.31678105234827075,0.9289991445680068,,
0.3169156237383932,0.9289991445680068,,
0.3169156237383932,0.9294268605645851,,
0.31745390929888306,0.9294268605645851,,
0.31745390929888306,0.9298545765611634,,
0.317723052079128,0.9298545765611634,,
0.317723052079128,0.9302822925577416,,
0.3179921948593729,0.9302822925577416,,
0.3179921948593729,0.93071000855432,,
0.32189476517292426,0.93071000855432,,
0.32189476517292426,0.9311377245508982,,
0.3247207643654959,0.9311377245508982,,
0.3247207643654959,0.9315654405474765,,
0.3251244785358633,0.9315654405474765,,
0.3251244785358633,0.9319931565440548,,
0.325931906876598,0.9319931565440548,,
0.325931906876598,0.9328485885372113,,
0.3263356210469654,0.9328485885372113,,
0.3263356210469654,0.9332763045337895,,
0.3267393352173328,0.9332763045337895,,
0.3267393352173328,0.9337040205303678,,
0.32754676355806756,0.9337040205303678,,
0.32754676355806756,0.9341317365269461,,
0.32795047772843494,0.9341317365269461,,
0.32795047772843494,0.9345594525235243,,
0.3280850491185574,0.9345594525235243,,
0.3280850491185574,0.9349871685201027,,
0.32983447719014936,0.9349871685201027,,
0.32983447719014936,0.935414884516681,,
0.3301036199703943,0.935414884516681,,
0.3301036199703943,0.9358426005132592,,
0.33158390526174136,0.9358426005132592,,
0.33158390526174136,0.9366980325064157,,
0.3334679047234558,0.9366980325064157,,
0.3334679047234558,0.937125748502994,,
0.3341407616740681,0.937125748502994,,
0.3341407616740681,0.9375534644995723,,
0.3352173327950478,0.9375534644995723,,
0.3352173327950478,0.9379811804961505,,
0.336159332525905,0.9379811804961505,,
0.336159332525905,0.9384088964927289,,
0.3384470461579868,0.9384088964927289,,
0.3384470461579868,0.938836612489307,,
0.3385816175481093,0.938836612489307,,
0.3385816175481093,0.9392643284858854,,
0.3404656170098237,0.9392643284858854,,
0.3404656170098237,0.9396920444824637,,
0.34140761674068093,0.9396920444824637,,
0.34140761674068093,0.9401197604790419,,
0.3426187592517831,0.9401197604790419,,
0.3426187592517831,0.9405474764756202,,
0.342887902032028,0.9405474764756202,,
0.342887902032028,0.9409751924721984,,
0.34315704481227294,0.9409751924721984,,
0.34315704481227294,0.941830624465355,,
0.35028932848876326,0.941830624465355,,
0.35028932848876326,0.9422583404619332,,
0.3512313282196205,0.9422583404619332,,
0.3512313282196205,0.9426860564585116,,
0.3516350423899879,0.9426860564585116,,
0.3516350423899879,0.9431137724550899,,
0.3523078993406002,0.9431137724550899,,
0.3523078993406002,0.9435414884516681,,
0.35284618490109004,0.9435414884516681,,
0.35284618490109004,0.9439692044482464,,
0.3548647557529269,0.9439692044482464,,
0.3548647557529269,0.9443969204448246,,
0.3567487552146414,0.9443969204448246,,
0.3567487552146414,0.9452523524379812,,
0.35782532633562103,0.9452523524379812,,
0.35782532633562103,0.9456800684345594,,
0.3628044677701521,0.9456800684345594,,
0.3628044677701521,0.9461077844311377,,
0.3642847530614991,0.9461077844311377,,
0.3642847530614991,0.946535500427716,,
0.3650921814022339,0.946535500427716,,
0.3650921814022339,0.9473909324208726,,
0.3657650383528462,0.9473909324208726,,
0.3657650383528462,0.9478186484174508,,
0.36589960974296865,0.9478186484174508,,
0.36589960974296865,0.9482463644140291,,
0.36697618086394834,0.9482463644140291,,
0.36697618086394834,0.9486740804106074,,
0.3676490378145606,0.9486740804106074,,
0.3676490378145606,0.9491017964071856,,
0.36818732337505045,0.9491017964071856,,
0.36818732337505045,0.9495295124037639,,
0.36845646615529537,0.9495295124037639,,
0.36845646615529537,0.9499572284003421,,
0.36966760866639753,0.9499572284003421,,
0.36966760866639753,0.9508126603934988,,
0.36980218005652,0.9508126603934988,,
0.36980218005652,0.951240376390077,,
0.37114789395774456,0.951240376390077,,
0.37114789395774456,0.9516680923866553,,
0.3714170367379895,0.9516680923866553,,
0.3714170367379895,0.9520958083832335,,
0.37155160812811194,0.9520958083832335,,
0.37155160812811194,0.9525235243798118,,
0.3738393217601938,0.9525235243798118,,
0.3738393217601938,0.9529512403763901,,
0.3746467501009285,0.9529512403763901,,
0.3746467501009285,0.9533789563729683,,
0.37491589288117344,0.9533789563729683,,
0.37491589288117344,0.9538066723695466,,
0.3763961781725205,0.9538066723695466,,
0.3763961781725205,0.9542343883661248,,
0.3767998923428879,0.9542343883661248,,
0.3767998923428879,0.9546621043627032,,
0.37801103485399007,0.9546621043627032,,
0.37801103485399007,0.9550898203592815,,
0.3839321760193783,0.9550898203592815,,
0.3839321760193783,0.9555175363558597,,
0.38406674740950075,0.9555175363558597,,
0.38406674740950075,0.955945252352438,,
0.38473960436011306,0.955945252352438,,
0.38473960436011306,0.9563729683490163,,
0.38527788992060286,0.9563729683490163,,
0.38527788992060286,0.9568006843455945,,
0.3855470327008478,0.9568006843455945,,
0.3855470327008478,0.9572284003421728,,
0.38595074687121517,0.9572284003421728,,
0.38595074687121517,0.957656116338751,,
0.38971874579464405,0.957656116338751,,
0.38971874579464405,0.9580838323353293,,
0.40088817117480824,0.9580838323353293,,
0.40088817117480824,0.9585115483319077,,
0.40196474229578794,0.9585115483319077,,
0.40196474229578794,0.9589392643284859,,
0.4020993136859104,0.9589392643284859,,
0.4020993136859104,0.9593669803250642,,
0.40277217063652265,0.9593669803250642,,
0.40277217063652265,0.9597946963216424,,
0.4029067420266451,0.9597946963216424,,
0.4029067420266451,0.9602224123182207,,
0.4046561700982371,0.9602224123182207,,
0.4046561700982371,0.9610778443113772,,
0.40532902704884943,0.9610778443113772,,
0.40532902704884943,0.9615055603079555,,
0.4064055981698291,0.9615055603079555,,
0.4064055981698291,0.9619332763045337,,
0.40936616875252324,0.9619332763045337,,
0.40936616875252324,0.962360992301112,,
0.40990445431301303,0.962360992301112,,
0.40990445431301303,0.9632164242942686,,
0.41098102543399273,0.9632164242942686,,
0.41098102543399273,0.9636441402908469,,
0.4117884537747275,0.9636441402908469,,
0.4117884537747275,0.9640718562874252,,
0.4148835957475441,0.9640718562874252,,
0.4148835957475441,0.9644995722840034,,
0.4171713093796259,0.9644995722840034,,
0.4171713093796259,0.9653550042771599,,
0.4182478805006056,0.9653550042771599,,
0.4182478805006056,0.9657827202737382,,
0.42013187996232,0.9657827202737382,,
0.42013187996232,0.9662104362703166,,
0.4205355941326874,0.9662104362703166,,
0.4205355941326874,0.9666381522668948,,
0.42363073610550395,0.9666381522668948,,
0.42363073610550395,0.9670658682634731,,
0.4248418786166061,0.9670658682634731,,
0.4248418786166061,0.9674935842600513,,
0.42497645000672857,0.9674935842600513,,
0.42497645000672857,0.9679213002566296,,
0.4252455927869735,0.9679213002566296,,
0.4252455927869735,0.9683490162532079,,
0.4275333064190553,0.9683490162532079,,
0.4275333064190553,0.9687767322497861,,
0.4300901628313821,0.9687767322497861,,
0.4300901628313821,0.9692044482463644,,
0.43022473422150453,0.9692044482463644,,
0.43022473422150453,0.9696321642429427,,
0.4333198761943211,0.9696321642429427,,
0.4333198761943211,0.9700598802395209,,
0.43547301843628045,0.9700598802395209,,
0.43547301843628045,0.9704875962360993,,
0.43574216121652537,0.9704875962360993,,
0.43574216121652537,0.9709153122326775,,
0.4366841609473826,0.9709153122326775,,
0.4366841609473826,0.9713430282292558,,
0.4374915892881173,0.9713430282292558,,
0.4374915892881173,0.9717707442258341,,
0.4407213026510564,0.9717707442258341,,
0.4407213026510564,0.9721984602224123,,
0.44139415960166867,0.9721984602224123,,
0.44139415960166867,0.9726261762189906,,
0.4423361593325259,0.9726261762189906,,
0.4423361593325259,0.9730538922155688,,
0.4443547301843628,0.9730538922155688,,
0.4443547301843628,0.9734816082121471,,
0.44893015744852643,0.9734816082121471,,
0.44893015744852643,0.9739093242087254,,
0.45067958552011844,0.9739093242087254,,
0.45067958552011844,0.9743370402053037,,
0.4524290135917104,0.9743370402053037,,
0.4524290135917104,0.974764756201882,,
0.4541784416633024,0.974764756201882,,
0.4541784416633024,0.9751924721984602,,
0.4545821558336698,0.9751924721984602,,
0.4545821558336698,0.9756201881950385,,
0.4575427264163639,0.9756201881950385,,
0.4575427264163639,0.9760479041916168,,
0.45861929753734354,0.9760479041916168,,
0.45861929753734354,0.976475620188195,,
0.46373301036199704,0.976475620188195,,
0.46373301036199704,0.9769033361847733,,
0.465482438433589,0.9769033361847733,,
0.465482438433589,0.9773310521813516,,
0.46736643789530347,0.9773310521813516,,
0.46736643789530347,0.9777587681779298,,
0.47046157986812004,0.9777587681779298,,
0.47046157986812004,0.9781864841745082,,
0.47517157852240616,0.9781864841745082,,
0.47517157852240616,0.9786142001710864,,
0.4753061499125286,0.9786142001710864,,
0.4753061499125286,0.9790419161676647,,
0.4766518638137532,0.9790419161676647,,
0.4766518638137532,0.979469632164243,,
0.4773247207643655,0.979469632164243,,
0.4775938635446104,0.979469632164243,,
0.4821692908087741,0.979469632164243,,
0.4821692908087741,0.9798973481608212,,
0.4855335755618356,0.9798973481608212,,
0.4855335755618356,0.9803250641573995,,
0.48566814695195804,0.9803250641573995,,
0.48566814695195804,0.9807527801539777,,
0.490647288386489,0.9807527801539777,,
0.490647288386489,0.981180496150556,,
0.49454985870004037,0.981180496150556,,
0.49454985870004037,0.9816082121471343,,
0.5041044273987351,0.9816082121471343,,
0.5041044273987351,0.9820359281437125,,
0.5047772843493473,0.9820359281437125,,
0.5047772843493473,0.9824636441402909,,
0.5086798546628987,0.9824636441402909,,
0.5086798546628987,0.9828913601368692,,
0.509083568833266,0.9828913601368692,,
0.509083568833266,0.9833190761334474,,
0.519310994482573,0.9833190761334474,,
0.5195801372628179,0.9833190761334474,,
0.5214641367245324,0.9833190761334474,,
0.5214641367245324,0.9837467921300257,,
0.5341138473960436,0.9837467921300257,,
0.5341138473960436,0.9841745081266039,,
0.5378818463194724,0.9841745081266039,,
0.5378818463194724,0.9846022241231822,,
0.5382855604898399,0.9846022241231822,,
0.5382855604898399,0.9850299401197605,,
0.5425918449737586,0.9850299401197605,,
0.5425918449737586,0.9854576561163387,,
0.5427264163638811,0.9854576561163387,,
0.5427264163638811,0.985885372112917,,
0.5495895572601265,0.985885372112917,,
0.5495895572601265,0.9863130881094953,,
0.5518772708922083,0.9863130881094953,,
0.5518772708922083,0.9867408041060736,,
0.5536266989638003,0.9867408041060736,,
0.5536266989638003,0.9871685201026519,,
0.5567218409366169,0.9871685201026519,,
0.5567218409366169,0.9875962360992301,,
0.5630466962723725,0.9875962360992301,,
0.5630466962723725,0.9880239520958084,,
0.5696406943883731,0.9880239520958084,,
0.5696406943883731,0.9884516680923866,,
0.5773112636253532,0.9884516680923866,,
0.5773112636253532,0.9888793840889649,,
0.5835015475709864,0.9888793840889649,,
0.5835015475709864,0.9893071000855432,,
0.5911721168079667,0.9893071000855432,,
0.5911721168079667,0.9897348160821214,,
0.5974969721437222,0.9897348160821214,,
0.5974969721437222,0.9901625320786998,,
0.5981698290943346,0.9901625320786998,,
0.5981698290943346,0.9905902480752781,,
0.6036872560893554,0.9905902480752781,,
0.6036872560893554,0.9910179640718563,,
0.6044946844300901,0.9910179640718563,,
0.6044946844300901,0.9914456800684346,,
0.6058403983313148,0.9914456800684346,,
0.6058403983313148,0.9918733960650128,,
0.6148566814695196,0.9918733960650128,,
0.6148566814695196,0.9923011120615911,,
0.6207778226349078,0.9923011120615911,,
0.6207778226349078,0.9927288280581694,,
0.6226618220966222,0.9927288280581694,,
0.6226618220966222,0.9931565440547476,,
0.6233346790472346,0.9931565440547476,,
0.6233346790472346,0.9935842600513259,,
0.6275063921410308,0.9935842600513259,,
0.6275063921410308,0.9940119760479041,,
0.6279101063113982,0.9940119760479041,,
0.6279101063113982,0.9944396920444825,,
0.6533440990445432,0.9944396920444825,,
0.6533440990445432,0.9948674080410608,,
0.6797200915085453,0.9948674080410608,,
0.6797200915085453,0.995295124037639,,
0.7032700847799758,0.995295124037639,,
0.7032700847799758,0.9957228400342173,,
0.7093257973354865,0.9957228400342173,,
0.7093257973354865,0.9961505560307955,,
0.735836361189611,0.9961505560307955,,
0.735836361189611,0.9965782720273738,,
0.7486206432512448,0.9965782720273738,,
0.7486206432512448,0.9970059880239521,,
0.7643654958955726,0.9970059880239521,,
0.7643654958955726,0.9974337040205303,,
0.8017763423496165,0.9974337040205303,,
0.8017763423496165,0.9978614200171086,,
0.8150989099717401,0.9978614200171086,,
0.8150989099717401,0.998289136013687,,
0.8321894765172925,0.998289136013687,,
0.8321894765172925,0.9987168520102652,,
0.8354191898802314,0.9987168520102652,,
0.8354191898802314,0.9991445680068435,,
0.8507603283541919,0.9991445680068435,,
0.8507603283541919,0.9995722840034217,,
0.9698560086125689,0.9995722840034217,,
0.9701251513928139,0.9995722840034217,,
0.9940788588346118,0.9995722840034217,,
0.9940788588346118,1.0,,
1.0,1.0,,
